爱,1,1
八,1,1
爸爸,1,2
杯子,1,2
北京,1,2
本,1,1
不,1,1
不客气,1,3
菜,1,1
茶,1,1
吃,1,1
出租车,1,3
打电话,1,3
大,1,1
的,1,1
点,1,1
电脑,1,2
电视,1,2
电影,1,2
东西,1,2
都,1,1
读,1,1
对不起,1,3
多,1,1
多少,1,2
儿子,1,2
二,1,1
饭店,1,2
飞机,1,2
分钟,1,2
高兴,1,2
个,1,1
工作,1,2
狗,1,1
汉语,1,2
好,1,1
号,1,1
喝,1,1
和,1,1
很,1,1
后面,1,2
回,1,1
会,1,1
几,1,1
家,1,1
叫,1,1
今天,1,2
九,1,1
开,1,1
看,1,1
看见,1,2
块,1,1
来,1,1
老师,1,2
了,1,1
冷,1,1
里,1,1
六,1,1
妈妈,1,2
吗,1,1
买,1,1
猫,1,1
没关系,1,3
没有,1,2
米饭,1,2
名字,1,2
明天,1,2
哪,1,1
哪儿,1,2
那,1,1
呢,1,1
能,1,1
你,1,1
年,1,1
女儿,1,2
朋友,1,2
漂亮,1,2
苹果,1,2
七,1,1
前面,1,2
钱,1,1
请,1,1
去,1,1
热,1,1
人,1,1
认识,1,2
三,1,1
商店,1,2
上,1,1
上午,1,2
少,1,1
谁,1,1
什么,1,2
十,1,1
时候,1,2
是,1,1
书,1,1
水,1,1
水果,1,2
睡觉,1,2
说,1,1
四,1,1
岁,1,1
他,1,1
她,1,1
太,1,1
天气,1,2
听,1,1
同学,1,2
喂,1,1
我,1,1
我们,1,2
五,1,1
喜欢,1,2
下,1,1
下午,1,2
下雨,1,2
先生,1,2
现在,1,2
想,1,1
小,1,1
小姐,1,2
些,1,1
写,1,1
谢谢,1,2
星期,1,2
学生,1,2
学习,1,2
学校,1,2
一,1,1
一点儿,1,3
衣服,1,2
医生,1,2
医院,1,2
椅子,1,2
有,1,1
月,1,1
再见,1,2
在,1,1
怎么,1,2
怎么样,1,3
这,1,1
中国,1,2
中午,1,2
住,1,1
桌子,1,2
字,1,1
昨天,1,2
坐,1,1
做,1,1
吧,2,1
白,2,1
百,2,1
帮助,2,2
报纸,2,2
比,2,1
别,2,1
宾馆,2,2
长,2,1
唱歌,2,2
出,2,1
穿,2,1
次,2,1
从,2,1
错,2,1
打篮球,2,3
大家,2,2
到,2,1
得,2,1
等,2,1
弟弟,2,2
第一,2,2
懂,2,1
对,2,1
对,2,1
房间,2,2
非常,2,2
服务员,2,3
高,2,1
告诉,2,2
哥哥,2,2
给,2,1
公共汽车,2,4
公司,2,2
贵,2,1
过,2,1
还,2,1
孩子,2,2
好吃,2,2
黑,2,1
红,2,1
火车站,2,3
机场,2,2
鸡蛋,2,2
件,2,1
教室,2,2
姐姐,2,2
介绍,2,2
进,2,1
近,2,1
就,2,1
觉得,2,2
咖啡,2,2
开始,2,2
考试,2,2
可能,2,2
可以,2,2
课,2,1
快,2,1
快乐,2,2
累,2,1
离,2,1
两,2,1
零,2,1
路,2,1
旅游,2,2
卖,2,1
慢,2,1
忙,2,1
每,2,1
妹妹,2,2
门,2,1
面条,2,2
男,2,1
您,2,1
牛奶,2,2
女,2,1
旁边,2,2
跑步,2,2
便宜,2,2
票,2,1
妻子,2,2
起床,2,2
千,2,1
铅笔,2,2
晴,2,1
去年,2,2
让,2,1
日,2,1
上班,2,2
身体,2,2
生病,2,2
生日,2,2
时间,2,2
事情,2,2
手表,2,2
手机,2,2
说话,2,2
送,2,1
虽然,2,2
但是,2,2
它,2,1
踢足球,2,3
题,2,1
跳舞,2,2
外,2,1
完,2,1
玩,2,1
晚上,2,2
往,2,1
为什么,2,3
问,2,1
问题,2,2
西瓜,2,2
希望,2,2
洗,2,1
小时,2,2
笑,2,1
新,2,1
姓,2,1
休息,2,2
雪,2,1
颜色,2,2
眼睛,2,2
羊肉,2,2
药,2,1
要,2,1
也,2,1
一起,2,2
一下,2,2
已经,2,2
意思,2,2
因为,2,2
所以,2,2
阴,2,1
游泳,2,2
右边,2,2
鱼,2,1
远,2,1
运动,2,2
再,2,1
早上,2,2
丈夫,2,2
找,2,1
着,2,1
真,2,1
正在,2,2
知道,2,2
准备,2,2
走,2,1
最,2,1
左边,2,2
阿姨,3,2
啊,3,1
矮,3,1
爱好,3,2
安静,3,2
把,3,1
班,3,1
搬,3,1
办法,3,2
办公室,3,3
半,3,1
帮忙,3,2
包,3,1
饱,3,1
北方,3,2
被,3,1
鼻子,3,2
比较,3,2
比赛,3,2
笔记本,3,3
必须,3,2
变化,3,2
别人,3,2
冰箱,3,2
不但,3,2
而且,3,2
菜单,3,2
参加,3,2
草,3,1
层,3,1
差,3,1
超市,3,2
衬衫,3,2
成绩,3,2
城市,3,2
迟到,3,2
除了,3,2
船,3,1
春,3,1
词典,3,2
聪明,3,2
打扫,3,2
打算,3,2
带,3,1
担心,3,2
蛋糕,3,2
当然,3,2
地（助词）,3,5
灯,3,1
地方,3,2
地铁,3,2
地图,3,2
电梯,3,2
电子邮件,3,4
东,3,1
冬,3,1
动物,3,2
短,3,1
段,3,1
锻炼,3,2
多么,3,2
饿,3,1
耳朵,3,2
发,3,1
发烧,3,2
发现,3,2
方便,3,2
放,3,1
放心,3,2
分,3,1
附近,3,2
复习,3,2
干净,3,2
感冒,3,2
感兴趣,3,3
刚才,3,2
个子,3,2
根据,3,2
跟,3,1
更,3,1
公斤,3,2
公园,3,2
故事,3,2
刮风,3,2
关,3,1
关系,3,2
关心,3,2
关于,3,2
国家,3,2
过,3,1
过去,3,2
还是,3,2
害怕,3,2
黑板,3,2
后来,3,2
护照,3,2
花,3,1
花,3,1
画,3,1
坏,3,1
欢迎,3,2
还,3,1
环境,3,2
换,3,1
黄河,3,2
回答,3,2
会议,3,2
或者,3,2
几乎,3,2
机会,3,2
极,3,1
记得,3,2
季节,3,2
检查,3,2
简单,3,2
见面,3,2
健康,3,2
讲,3,1
教,3,1
角,3,1
脚,3,1
接,3,1
街道,3,2
节目,3,2
节日,3,2
结婚,3,2
结束,3,2
解决,3,2
借,3,1
经常,3,2
经过,3,2
经理,3,2
久,3,1
旧,3,1
句子,3,2
决定,3,2
可爱,3,2
渴,3,1
刻,3,1
客人,3,2
空调,3,2
口,3,1
哭,3,1
裤子,3,2
筷子,3,2
蓝,3,1
老,3,1
离开,3,2
礼物,3,2
历史,3,2
脸,3,1
练习,3,2
辆,3,1
聊天,3,2
了解,3,2
邻居,3,2
留学,3,2
楼,3,1
绿,3,1
马,3,1
马上,3,2
满意,3,2
帽子,3,2
米,3,1
面包,3,2
明白,3,2
拿,3,1
奶奶,3,2
南,3,1
难,3,1
难过,3,2
年级,3,2
年轻,3,2
鸟,3,1
努力,3,2
爬山,3,2
盘子,3,2
胖,3,1
皮鞋,3,2
啤酒,3,2
瓶子,3,2
其实,3,2
其他,3,2
奇怪,3,2
骑,3,1
起飞,3,2
起来,3,2
清楚,3,2
请假,3,2
秋,3,1
裙子,3,2
然后,3,2
热情,3,2
认为,3,2
认真,3,2
容易,3,2
如果,3,2
伞,3,1
上网,3,2
生气,3,2
声音,3,2
世界,3,2
试,3,1
瘦,3,1
叔叔,3,2
舒服,3,2
树,3,1
数学,3,2
刷牙,3,2
双,3,1
水平,3,2
司机,3,2
太阳,3,2
特别,3,2
疼,3,1
提高,3,2
体育,3,2
甜,3,1
条,3,1
同事,3,2
同意,3,2
头发,3,2
突然,3,2
图书馆,3,3
腿,3,1
完成,3,2
碗,3,1
万,3,1
忘记,3,2
为,3,1
为了,3,2
位,3,1
文化,3,2
西,3,1
习惯,3,2
洗手间,3,3
洗澡,3,2
夏,3,1
先,3,1
相信,3,2
香蕉,3,2
向,3,1
像,3,1
小心,3,2
校长,3,2
新闻,3,2
新鲜,3,2
信用卡,3,3
行李箱,3,3
熊猫,3,2
需要,3,2
选择,3,2
要求,3,2
爷爷,3,2
一般,3,2
一边,3,2
一定,3,2
一共,3,2
一会儿,3,3
一样,3,2
一直,3,2
以前,3,2
音乐,3,2
银行,3,2
饮料,3,2
应该,3,2
影响,3,2
用,3,1
游戏,3,2
有名,3,2
又,3,1
遇到,3,2
元,3,1
愿意,3,2
月亮,3,2
越,3,1
站,3,1
张,3,1
长,3,1
着急,3,2
照顾,3,2
照片,3,2
照相机,3,3
只,3,1
只,3,1
只有,3,2
才,3,1
中间,3,2
中文,3,2
终于,3,2
种（量词）,3,5
重要,3,2
周末,3,2
主要,3,2
注意,3,2
自己,3,2
自行车,3,3
总是,3,2
嘴,3,1
最后,3,2
最近,3,2
作业,3,2
爱情,4,2
安排,4,2
安全,4,2
按时,4,2
按照,4,2
百分之,4,3
棒,4,1
包子,4,2
保护,4,2
保证,4,2
报名,4,2
抱,4,1
抱歉,4,2
倍,4,1
本来,4,2
笨,4,1
比如,4,2
毕业,4,2
遍,4,1
标准,4,2
表格,4,2
表示,4,2
表演,4,2
表扬,4,2
饼干,4,2
并且,4,2
博士,4,2
不得不,4,3
不管,4,2
不过,4,2
不仅,4,2
部分,4,2
擦,4,1
猜,4,1
材料,4,2
参观,4,2
餐厅,4,2
厕所,4,2
差不多,4,3
长城,4,2
长江,4,2
尝,4,1
场,4,1
超过,4,2
成功,4,2
成为,4,2
诚实,4,2
乘坐,4,2
吃惊,4,2
重新,4,2
抽烟,4,2
出差,4,2
出发,4,2
出生,4,2
出现,4,2
厨房,4,2
传真,4,2
窗户,4,2
词语,4,2
从来,4,2
粗心,4,2
存,4,1
错误,4,2
答案,4,2
打扮,4,2
打扰,4,2
打印,4,2
打招呼,4,3
打折,4,2
打针,4,2
大概,4,2
大使馆,4,3
大约,4,2
大夫,4,2
戴,4,1
当,4,1
当时,4,2
刀,4,1
导游,4,2
到处,4,2
到底,4,2
倒,4,1
道歉,4,2
得意,4,2
得,4,1
登机牌,4,3
等,4,1
低,4,1
底,4,1
地点,4,2
地球,4,2
地址,4,2
调查,4,2
掉,4,1
丢,4,1
动作,4,2
堵车,4,2
肚子,4,2
短信,4,2
对话,4,2
对面,4,2
对于,4,2
儿童,4,2
而,4,1
发生,4,2
发展,4,2
法律,4,2
翻译,4,2
烦恼,4,2
反对,4,2
方法,4,2
方面,4,2
方向,4,2
房东,4,2
放弃,4,2
放暑假,4,3
放松,4,2
份,4,1
丰富,4,2
否则,4,2
符合,4,2
父亲,4,2
付款,4,2
负责,4,2
复印,4,2
复杂,4,2
富,4,1
改变,4,2
干杯,4,2
赶,4,1
敢,4,1
感动,4,2
感觉,4,2
感情,4,2
感谢,4,2
干,4,1
刚,4,1
高速公路,4,4
胳膊,4,2
各,4,1
工资,4,2
公里,4,2
功夫,4,2
共同,4,2
购物,4,2
够,4,1
估计,4,2
鼓励,4,2
故意,4,2
顾客,4,2
挂,4,1
关键,4,2
观众,4,2
管理,4,2
光,4,1
广播,4,2
广告,4,2
逛,4,1
规定,4,2
国籍,4,2
国际,4,2
果汁,4,2
过程,4,2
海洋,4,2
害羞,4,2
寒假,4,2
汗,4,1
航班,4,2
好处,4,2
好像,4,2
号码,4,2
合格,4,2
合适,4,2
盒子,4,2
后悔,4,2
厚,4,1
互联网,4,3
互相,4,2
护士,4,2
怀疑,4,2
回忆,4,2
活动,4,2
活泼,4,2
火,4,1
获得,4,2
积极,4,2
积累,4,2
基础,4,2
激动,4,2
及时,4,2
即使,4,2
计划,4,2
记者,4,2
技术,4,2
既然,4,2
继续,4,2
寄,4,1
加班,4,2
加油站,4,3
家具,4,2
假,4,1
价格,4,2
坚持,4,2
减肥,4,2
减少,4,2
建议,4,2
将来,4,2
奖金,4,2
降低,4,2
降落,4,2
交,4,1
交流,4,2
交通,4,2
郊区,4,2
骄傲,4,2
饺子,4,2
教授,4,2
教育,4,2
接受,4,2
接着,4,2
节,4,1
节约,4,2
结果,4,2
解释,4,2
尽管,4,2
紧张,4,2
进行,4,2
禁止,4,2
京剧,4,2
经济,4,2
经历,4,2
经验,4,2
精彩,4,2
景色,4,2
警察,4,2
竞争,4,2
竟然,4,2
镜子,4,2
究竟,4,2
举,4,1
举办,4,2
举行,4,2
拒绝,4,2
距离,4,2
聚会,4,2
开玩笑,4,3
开心,4,2
看法,4,2
考虑,4,2
烤鸭,4,2
科学,4,2
棵,4,1
咳嗽,4,2
可怜,4,2
可是,4,2
可惜,4,2
客厅,4,2
肯定,4,2
空,4,1
空气,4,2
恐怕,4,2
苦,4,1
矿泉水,4,3
困,4,1
困难,4,2
垃圾桶,4,3
拉,4,1
辣,4,1
来不及,4,3
来得及,4,3
来自,4,2
懒,4,1
浪费,4,2
浪漫,4,2
老虎,4,2
冷静,4,2
礼拜天,4,3
礼貌,4,2
理发,4,2
理解,4,2
理想,4,2
力气,4,2
厉害,4,2
例如,4,2
俩,4,1
连,4,1
联系,4,2
凉快,4,2
零钱,4,2
另外,4,2
留,4,1
流利,4,2
流行,4,2
旅行,4,2
律师,4,2
乱,4,1
麻烦,4,2
马虎,4,2
满,4,1
毛,4,1
毛巾,4,2
美丽,4,2
梦,4,1
迷路,4,2
密码,4,2
免费,4,2
秒,4,1
民族,4,2
母亲,4,2
目的,4,2
耐心,4,2
难道,4,2
难受,4,2
内,4,1
内容,4,2
能力,4,2
年龄,4,2
弄,4,1
暖和,4,2
偶尔,4,2
排队,4,2
排列,4,2
判断,4,2
陪,4,1
批评,4,2
皮肤,4,2
脾气,4,2
篇,4,1
骗,4,1
乒乓球,4,3
平时,4,2
破,4,1
葡萄,4,2
普遍,4,2
普通话,4,3
其次,4,2
其中,4,2
气候,4,2
千万,4,2
签证,4,2
敲,4,1
桥,4,1
巧克力,4,3
亲戚,4,2
轻,4,1
轻松,4,2
情况,4,2
穷,4,1
区别,4,2
取,4,1
全部,4,2
缺点,4,2
缺少,4,2
却,4,1
确实,4,2
然而,4,2
热闹,4,2
任何,4,2
任务,4,2
扔,4,1
仍然,4,2
日记,4,2
入口,4,2
散步,4,2
森林,4,2
沙发,4,2
伤心,4,2
商量,4,2
稍微,4,2
勺子,4,2
社会,4,2
申请,4,2
深,4,1
甚至,4,2
生活,4,2
生命,4,2
生意,4,2
省,4,1
剩,4,1
失败,4,2
失望,4,2
师傅,4,2
十分,4,2
实际,4,2
实在,4,2
使,4,1
使用,4,2
世纪,4,2
是否,4,2
适合,4,2
适应,4,2
收,4,1
收入,4,2
收拾,4,2
首都,4,2
首先,4,2
受不了,4,3
受到,4,2
售货员,4,3
输,4,1
熟悉,4,2
数量,4,2
数字,4,2
帅,4,1
顺便,4,2
顺利,4,2
顺序,4,2
说明,4,2
硕士,4,2
死,4,1
速度,4,2
塑料袋,4,3
酸,4,1
随便,4,2
随着,4,2
孙子,4,2
所有,4,2
台,4,1
抬,4,1
态度,4,2
谈,4,1
弹钢琴,4,3
汤,4,1
糖,4,1
躺,4,1
趟,4,1
讨论,4,2
讨厌,4,2
特点,4,2
提,4,1
提供,4,2
提前,4,2
提醒,4,2
填空,4,2
条件,4,2
停,4,1
挺,4,1
通过,4,2
通知,4,2
同情,4,2
同时,4,2
推,4,1
推迟,4,2
脱,4,1
袜子,4,2
完全,4,2
网球,4,2
网站,4,2
往往,4,2
危险,4,2
卫生间,4,3
味道,4,2
温度,4,2
文章,4,2
污染,4,2
无,4,1
无聊,4,2
无论,4,2
误会,4,2
西红柿,4,3
吸引,4,2
咸,4,1
现金,4,2
羡慕,4,2
相反,4,2
相同,4,2
香,4,1
详细,4,2
响,4,1
橡皮,4,2
消息,4,2
小吃,4,2
小伙子,4,3
小说,4,2
笑话,4,2
效果,4,2
心情,4,2
辛苦,4,2
信封,4,2
信息,4,2
信心,4,2
兴奋,4,2
行,4,1
醒,4,1
幸福,4,2
性别,4,2
性格,4,2
修理,4,2
许多,4,2
学期,4,2
压力,4,2
呀,4,1
牙膏,4,2
亚洲,4,2
严格,4,2
严重,4,2
研究,4,2
盐,4,1
眼镜,4,2
演出,4,2
演员,4,2
阳光,4,2
养成,4,2
样子,4,2
邀请,4,2
要是,4,2
钥匙,4,2
也许,4,2
叶子,4,2
页,4,1
一切,4,2
以,4,1
以为,4,2
艺术,4,2
意见,4,2
因此,4,2
引起,4,2
印象,4,2
赢,4,1
应聘,4,2
永远,4,2
勇敢,4,2
优点,4,2
优秀,4,2
幽默,4,2
尤其,4,2
由,4,1
由于,4,2
邮局,4,2
友好,4,2
友谊,4,2
有趣,4,2
于是,4,2
愉快,4,2
与,4,1
羽毛球,4,3
语法,4,2
语言,4,2
预习,4,2
原来,4,2
原谅,4,2
原因,4,2
约会,4,2
阅读,4,2
云,4,1
允许,4,2
杂志,4,2
咱们,4,2
暂时,4,2
脏,4,1
责任,4,2
增加,4,2
占线,4,2
招聘,4,2
照,4,1
真正,4,2
整理,4,2
正常,4,2
正好,4,2
正确,4,2
正式,4,2
证明,4,2
之,4,1
支持,4,2
知识,4,2
直接,4,2
值得,4,2
职业,4,2
植物,4,2
只好,4,2
只要,4,2
指,4,1
至少,4,2
质量,4,2
重,4,1
重点,4,2
重视,4,2
周围,4,2
主意,4,2
祝贺,4,2
著名,4,2
专门,4,2
专业,4,2
转,4,1
赚,4,1
准确,4,2
准时,4,2
仔细,4,2
自然,4,2
自信,4,2
总结,4,2
租,4,1
最好,4,2
尊重,4,2
左右,4,2
作家,4,2
作用,4,2
作者,4,2
座,4,1
座位,4,2
哎,5,1
唉,5,1
爱护,5,2
爱惜,5,2
爱心,5,2
安慰,5,2
安装,5,2
岸,5,1
暗,5,1
熬夜,5,2
把握,5,2
摆,5,1
办理,5,2
傍晚,5,2
包裹,5,2
包含,5,2
包括,5,2
薄,5,1
宝贝,5,2
宝贵,5,2
保持,5,2
保存,5,2
保留,5,2
保险,5,2
报到,5,2
报道,5,2
报告,5,2
报社,5,2
抱怨,5,2
背,5,1
悲观,5,2
背景,5,2
被子,5,2
本科,5,2
本领,5,2
本质,5,2
比例,5,2
彼此,5,2
必然,5,2
必要,5,2
毕竟,5,2
避免,5,2
编辑,5,2
鞭炮,5,2
便,5,1
辩论,5,2
标点,5,2
标志,5,2
表达,5,2
表面,5,2
表明,5,2
表情,5,2
表现,5,2
冰激凌,5,3
病毒,5,2
玻璃,5,2
播放,5,2
脖子,5,2
博物馆,5,3
补充,5,2
不安,5,2
不得了,5,3
不断,5,2
不见得,5,3
不耐烦,5,3
不然,5,2
不如,5,2
不要紧,5,3
不足,5,2
布,5,1
步骤,5,2
部门,5,2
财产,5,2
采访,5,2
采取,5,2
彩虹,5,2
踩,5,1
参考,5,2
参与,5,2
惭愧,5,2
操场,5,2
操心,5,2
册,5,1
测验,5,2
曾经,5,2
叉子,5,2
差距,5,2
插,5,1
拆,5,1
产品,5,2
产生,5,2
长途,5,2
常识,5,2
抄,5,1
超级,5,2
朝,5,1
潮湿,5,2
吵,5,1
吵架,5,2
炒,5,1
车库,5,2
车厢,5,2
彻底,5,2
沉默,5,2
趁,5,1
称,5,1
称呼,5,2
称赞,5,2
成分,5,2
成果,5,2
成就,5,2
成立,5,2
成人,5,2
成熟,5,2
成语,5,2
成长,5,2
诚恳,5,2
承担,5,2
承认,5,2
承受,5,2
程度,5,2
程序,5,2
吃亏,5,2
池塘,5,2
迟早,5,2
持续,5,2
尺子,5,2
翅膀,5,2
冲,5,1
充电器,5,3
充分,5,2
充满,5,2
重复,5,2
宠物,5,2
抽屉,5,2
抽象,5,2
丑,5,1
臭,5,1
出版,5,2
出口,5,2
出色,5,2
出示,5,2
出席,5,2
初级,5,2
除非,5,2
除夕,5,2
处理,5,2
传播,5,2
传染,5,2
传说,5,2
传统,5,2
窗帘,5,2
闯,5,1
创造,5,2
吹,5,1
词汇,5,2
辞职,5,2
此外,5,2
次要,5,2
刺激,5,2
匆忙,5,2
从此,5,2
从而,5,2
从前,5,2
从事,5,2
粗糙,5,2
促进,5,2
促使,5,2
醋,5,1
催,5,1
存在,5,2
措施,5,2
答应,5,2
达到,5,2
打工,5,2
打交道,5,3
打喷嚏,5,3
打听,5,2
大方,5,2
大厦,5,2
大象,5,2
大型,5,2
呆,5,1
代表,5,2
代替,5,2
贷款,5,2
待遇,5,2
担任,5,2
单纯,5,2
单调,5,2
单独,5,2
单位,5,2
单元,5,2
耽误,5,2
胆小鬼,5,3
淡,5,1
当地,5,2
当心,5,2
挡,5,1
导演,5,2
导致,5,2
岛屿,5,2
倒霉,5,2
到达,5,2
道德,5,2
道理,5,2
登记,5,2
等待,5,2
等于,5,2
滴,5,1
的确,5,2
敌人,5,2
地道,5,2
地理,5,2
地区,5,2
地毯,5,2
地位,5,2
地震,5,2
递,5,1
点心,5,2
电池,5,2
电台,5,2
钓,5,1
顶,5,1
动画片,5,3
冻,5,1
洞,5,1
豆腐,5,2
逗,5,1
独立,5,2
独特,5,2
度过,5,2
断,5,1
堆,5,1
对比,5,2
对待,5,2
对方,5,2
对手,5,2
对象,5,2
兑换,5,2
吨,5,1
蹲,5,1
顿,5,1
多亏,5,2
多余,5,2
朵,5,1
躲藏,5,2
恶劣,5,2
耳环,5,2
发表,5,2
发愁,5,2
发达,5,2
发抖,5,2
发挥,5,2
发明,5,2
发票,5,2
发言,5,2
罚款,5,2
法院,5,2
翻,5,1
繁荣,5,2
反而,5,2
反复,5,2
反应,5,2
反映,5,2
反正,5,2
范围,5,2
方,5,1
方案,5,2
方式,5,2
妨碍,5,2
仿佛,5,2
非,5,1
肥皂,5,2
废话,5,2
分别,5,2
分布,5,2
分配,5,2
分手,5,2
分析,5,2
纷纷,5,2
奋斗,5,2
风格,5,2
风景,5,2
风俗,5,2
风险,5,2
疯狂,5,2
讽刺,5,2
否定,5,2
否认,5,2
扶,5,1
服装,5,2
幅,5,1
辅导,5,2
妇女,5,2
复制,5,2
改革,5,2
改进,5,2
改善,5,2
改正,5,2
盖,5,1
概括,5,2
概念,5,2
干脆,5,2
干燥,5,2
赶紧,5,2
赶快,5,2
感激,5,2
感受,5,2
感想,5,2
干活儿,5,3
钢铁,5,2
高档,5,2
高级,5,2
搞,5,1
告别,5,2
格外,5,2
隔壁,5,2
个别,5,2
个人,5,2
个性,5,2
各自,5,2
根,5,1
根本,5,2
工厂,5,2
工程师,5,3
工具,5,2
工人,5,2
工业,5,2
公布,5,2
公开,5,2
公平,5,2
公寓,5,2
公元,5,2
公主,5,2
功能,5,2
恭喜,5,2
贡献,5,2
沟通,5,2
构成,5,2
姑姑,5,2
姑娘,5,2
古代,5,2
古典,5,2
股票,5,2
骨头,5,2
鼓舞,5,2
鼓掌,5,2
固定,5,2
挂号,5,2
乖,5,1
拐弯,5,2
怪不得,5,3
关闭,5,2
观察,5,2
观点,5,2
观念,5,2
官,5,1
管子,5,2
冠军,5,2
光滑,5,2
光临,5,2
光明,5,2
光盘,5,2
广场,5,2
广大,5,2
广泛,5,2
归纳,5,2
规矩,5,2
规律,5,2
规模,5,2
规则,5,2
柜台,5,2
滚,5,1
锅,5,1
国庆节,5,3
国王,5,2
果然,5,2
果实,5,2
过分,5,2
过敏,5,2
过期,5,2
哈,5,1
海关,5,2
海鲜,5,2
喊,5,1
行业,5,2
豪华,5,2
好客,5,2
好奇,5,2
合法,5,2
合理,5,2
合同,5,2
合影,5,2
合作,5,2
何必,5,2
何况,5,2
和平,5,2
核心,5,2
恨,5,1
猴子,5,2
后背,5,2
后果,5,2
呼吸,5,2
忽然,5,2
忽视,5,2
胡说,5,2
胡同,5,2
壶,5,1
蝴蝶,5,2
糊涂,5,2
花生,5,2
划,5,1
华裔,5,2
滑,5,1
化学,5,2
话题,5,2
怀念,5,2
怀孕,5,2
缓解,5,2
幻想,5,2
慌张,5,2
黄金,5,2
灰,5,1
灰尘,5,2
灰心,5,2
挥,5,1
恢复,5,2
汇率,5,2
婚礼,5,2
婚姻,5,2
活跃,5,2
火柴,5,2
伙伴,5,2
或许,5,2
机器,5,2
肌肉,5,2
基本,5,2
激烈,5,2
及格,5,2
极其,5,2
急忙,5,2
急诊,5,2
集合,5,2
集体,5,2
集中,5,2
计算,5,2
记录,5,2
记忆,5,2
纪录,5,2
纪律,5,2
纪念,5,2
系领带,5,3
寂寞,5,2
夹子,5,2
家庭,5,2
家务,5,2
家乡,5,2
嘉宾,5,2
甲,5,1
假如,5,2
假设,5,2
假装,5,2
价值,5,2
驾驶,5,2
嫁,5,1
坚决,5,2
坚强,5,2
肩膀,5,2
艰巨,5,2
艰苦,5,2
兼职,5,2
捡,5,1
剪刀,5,2
简历,5,2
简直,5,2
建立,5,2
建设,5,2
建筑,5,2
健身,5,2
键盘,5,2
讲究,5,2
讲座,5,2
酱油,5,2
交换,5,2
交际,5,2
交往,5,2
浇,5,1
胶水,5,2
角度,5,2
狡猾,5,2
教材,5,2
教练,5,2
教训,5,2
阶段,5,2
结实,5,2
接触,5,2
接待,5,2
接近,5,2
节省,5,2
结构,5,2
结合,5,2
结论,5,2
结账,5,2
戒,5,1
戒指,5,2
届,5,1
借口,5,2
金属,5,2
尽快,5,2
尽量,5,2
紧急,5,2
谨慎,5,2
尽力,5,2
进步,5,2
进口,5,2
近代,5,2
经典,5,2
经商,5,2
经营,5,2
精力,5,2
精神,5,2
酒吧,5,2
救,5,1
救护车,5,3
舅舅,5,2
居然,5,2
桔子,5,2
巨大,5,2
具备,5,2
具体,5,2
俱乐部,5,3
据说,5,2
捐,5,1
决赛,5,2
决心,5,2
角色,5,2
绝对,5,2
军事,5,2
均匀,5,2
卡车,5,2
开发,5,2
开放,5,2
开幕式,5,3
开水,5,2
砍,5,1
看不起,5,3
看望,5,2
靠,5,1
颗,5,1
可见,5,2
可靠,5,2
可怕,5,2
克,5,1
克服,5,2
刻苦,5,2
客观,5,2
课程,5,2
空间,5,2
空闲,5,2
控制,5,2
口味,5,2
夸,5,1
夸张,5,2
会计,5,2
宽,5,1
昆虫,5,2
扩大,5,2
辣椒,5,2
拦,5,1
烂,5,1
朗读,5,2
劳动,5,2
劳驾,5,2
老百姓,5,3
老板,5,2
老婆,5,2
老实,5,2
老鼠,5,2
姥姥,5,2
乐观,5,2
雷,5,1
类型,5,2
冷淡,5,2
厘米,5,2
离婚,5,2
梨,5,1
理论,5,2
理由,5,2
力量,5,2
立即,5,2
立刻,5,2
利润,5,2
利息,5,2
利益,5,2
利用,5,2
连忙,5,2
连续,5,2
联合,5,2
恋爱,5,2
良好,5,2
粮食,5,2
亮,5,1
了不起,5,3
列车,5,2
临时,5,2
灵活,5,2
铃,5,1
零件,5,2
零食,5,2
领导,5,2
领域,5,2
浏览,5,2
流传,5,2
流泪,5,2
龙,5,1
漏,5,1
陆地,5,2
陆续,5,2
录取,5,2
录音,5,2
轮流,5,2
论文,5,2
逻辑,5,2
落后,5,2
骂,5,1
麦克风,5,3
馒头,5,2
满足,5,2
毛病,5,2
矛盾,5,2
冒险,5,2
贸易,5,2
眉毛,5,2
媒体,5,2
煤炭,5,2
美术,5,2
魅力,5,2
梦想,5,2
秘密,5,2
秘书,5,2
密切,5,2
蜜蜂,5,2
面对,5,2
面积,5,2
面临,5,2
苗条,5,2
描写,5,2
敏感,5,2
名牌,5,2
名片,5,2
名胜古迹,5,4
明确,5,2
明显,5,2
明星,5,2
命令,5,2
命运,5,2
摸,5,1
模仿,5,2
模糊,5,2
模特,5,2
摩托车,5,3
陌生,5,2
某,5,1
木头,5,2
目标,5,2
目录,5,2
目前,5,2
哪怕,5,2
难怪,5,2
难免,5,2
脑袋,5,2
内部,5,2
内科,5,2
嫩,5,1
能干,5,2
能源,5,2
嗯,5,1
年代,5,2
年纪,5,2
念,5,1
宁可,5,2
牛仔裤,5,3
农村,5,2
农民,5,2
农业,5,2
浓,5,1
女士,5,2
欧洲,5,2
偶然,5,2
拍,5,1
派,5,1
盼望,5,2
培训,5,2
培养,5,2
赔偿,5,2
佩服,5,2
配合,5,2
盆,5,1
碰,5,1
批,5,1
批准,5,2
披,5,1
疲劳,5,2
匹,5,1
片,5,1
片面,5,2
飘,5,1
拼音,5,2
频道,5,2
平,5,1
平安,5,2
平常,5,2
平等,5,2
平方,5,2
平衡,5,2
平静,5,2
平均,5,2
评价,5,2
凭,5,1
迫切,5,2
破产,5,2
破坏,5,2
期待,5,2
期间,5,2
其余,5,2
奇迹,5,2
企业,5,2
启发,5,2
气氛,5,2
汽油,5,2
谦虚,5,2
签,5,1
前途,5,2
浅,5,1
欠,5,1
枪,5,1
强调,5,2
强烈,5,2
墙,5,1
抢,5,1
悄悄,5,2
瞧,5,1
巧妙,5,2
切,5,1
亲爱,5,2
亲切,5,2
亲自,5,2
勤奋,5,2
青,5,1
青春,5,2
青少年,5,3
轻视,5,2
轻易,5,2
清淡,5,2
情景,5,2
情绪,5,2
请求,5,2
庆祝,5,2
球迷,5,2
趋势,5,2
取消,5,2
娶,5,1
去世,5,2
圈,5,1
权力,5,2
权利,5,2
全面,5,2
劝,5,1
缺乏,5,2
确定,5,2
确认,5,2
群,5,1
燃烧,5,2
绕,5,1
热爱,5,2
热烈,5,2
热心,5,2
人才,5,2
人口,5,2
人类,5,2
人民币,5,3
人生,5,2
人事,5,2
人物,5,2
人员,5,2
忍不住,5,3
日常,5,2
日程,5,2
日历,5,2
日期,5,2
日用品,5,3
日子,5,2
如何,5,2
如今,5,2
软,5,1
软件,5,2
弱,5,1
洒,5,1
嗓子,5,2
色彩,5,2
杀,5,1
沙漠,5,2
沙滩,5,2
傻,5,1
晒,5,1
删除,5,2
闪电,5,2
扇子,5,2
善良,5,2
善于,5,2
伤害,5,2
商品,5,2
商务,5,2
商业,5,2
上当,5,2
蛇,5,1
舍不得,5,3
设备,5,2
设计,5,2
设施,5,2
射击,5,2
摄影,5,2
伸,5,1
身材,5,2
身份,5,2
深刻,5,2
神话,5,2
神秘,5,2
升,5,1
生产,5,2
生动,5,2
生长,5,2
声调,5,2
绳子,5,2
省略,5,2
胜利,5,2
失眠,5,2
失去,5,2
失业,5,2
诗,5,1
狮子,5,2
湿润,5,2
石头,5,2
时差,5,2
时代,5,2
时刻,5,2
时髦,5,2
时期,5,2
时尚,5,2
实话,5,2
实践,5,2
实习,5,2
实现,5,2
实验,5,2
实用,5,2
食物,5,2
使劲儿,5,3
始终,5,2
士兵,5,2
市场,5,2
似的,5,2
事实,5,2
事物,5,2
事先,5,2
试卷,5,2
收获,5,2
收据,5,2
手工,5,2
手术,5,2
手套,5,2
手续,5,2
手指,5,2
首,5,1
寿命,5,2
受伤,5,2
书架,5,2
梳子,5,2
舒适,5,2
输入,5,2
蔬菜,5,2
熟练,5,2
属于,5,2
鼠标,5,2
数,5,1
数据,5,2
数码,5,2
摔倒,5,2
甩,5,1
双方,5,2
税,5,1
说不定,5,3
说服,5,2
丝绸,5,2
丝毫,5,2
私人,5,2
思考,5,2
思想,5,2
撕,5,1
似乎,5,2
搜索,5,2
宿舍,5,2
随身,5,2
随时,5,2
随手,5,2
碎,5,1
损失,5,2
缩短,5,2
所,5,1
锁,5,1
台阶,5,2
太极拳,5,3
太太,5,2
谈判,5,2
坦率,5,2
烫,5,1
逃,5,1
逃避,5,2
桃,5,1
淘气,5,2
讨价还价,5,4
套,5,1
特色,5,2
特殊,5,2
特征,5,2
疼爱,5,2
提倡,5,2
提纲,5,2
提问,5,2
题目,5,2
体会,5,2
体贴,5,2
体现,5,2
体验,5,2
天空,5,2
天真,5,2
调皮,5,2
调整,5,2
挑战,5,2
通常,5,2
统一,5,2
痛苦,5,2
痛快,5,2
偷,5,1
投入,5,2
投资,5,2
透明,5,2
突出,5,2
土地,5,2
土豆,5,2
吐,5,1
兔子,5,2
团,5,1
推辞,5,2
推广,5,2
推荐,5,2
退,5,1
退步,5,2
退休,5,2
歪,5,1
外公,5,2
外交,5,2
完美,5,2
完善,5,2
完整,5,2
玩具,5,2
万一,5,2
王子,5,2
网络,5,2
往返,5,2
危害,5,2
威胁,5,2
微笑,5,2
违反,5,2
围巾,5,2
围绕,5,2
唯一,5,2
维修,5,2
伟大,5,2
尾巴,5,2
委屈,5,2
未必,5,2
未来,5,2
位于,5,2
位置,5,2
胃,5,1
胃口,5,2
温暖,5,2
温柔,5,2
文件,5,2
文具,5,2
文明,5,2
文学,5,2
文字,5,2
闻,5,1
吻,5,1
稳定,5,2
问候,5,2
卧室,5,2
握手,5,2
屋子,5,2
无奈,5,2
无数,5,2
无所谓,5,3
武术,5,2
勿,5,1
物理,5,2
物质,5,2
雾,5,1
吸取,5,2
吸收,5,2
戏剧,5,2
系,5,1
系统,5,2
细节,5,2
瞎,5,1
下载,5,2
吓,5,1
夏令营,5,3
鲜艳,5,2
显得,5,2
显然,5,2
显示,5,2
县,5,1
现代,5,2
现实,5,2
现象,5,2
限制,5,2
相处,5,2
相当,5,2
相对,5,2
相关,5,2
相似,5,2
香肠,5,2
享受,5,2
想念,5,2
想象,5,2
项,5,1
项链,5,2
项目,5,2
象棋,5,2
象征,5,2
消费,5,2
消化,5,2
消极,5,2
消失,5,2
销售,5,2
小麦,5,2
小气,5,2
孝顺,5,2
效率,5,2
歇,5,1
斜,5,1
写作,5,2
血,5,1
心理,5,2
心脏,5,2
欣赏,5,2
信号,5,2
信任,5,2
行动,5,2
行人,5,2
行为,5,2
形成,5,2
形容,5,2
形式,5,2
形势,5,2
形象,5,2
形状,5,2
幸亏,5,2
幸运,5,2
性质,5,2
兄弟,5,2
胸,5,1
休闲,5,2
修改,5,2
虚心,5,2
叙述,5,2
宣布,5,2
宣传,5,2
学历,5,2
学术,5,2
学问,5,2
寻找,5,2
询问,5,2
训练,5,2
迅速,5,2
押金,5,2
牙齿,5,2
延长,5,2
严肃,5,2
演讲,5,2
宴会,5,2
阳台,5,2
痒,5,1
样式,5,2
腰,5,1
摇,5,1
咬,5,1
要不,5,2
业务,5,2
业余,5,2
夜,5,1
一辈子,5,3
一旦,5,2
一律,5,2
一再,5,2
一致,5,2
依然,5,2
移动,5,2
移民,5,2
遗憾,5,2
疑问,5,2
乙,5,1
以及,5,2
以来,5,2
亿,5,1
义务,5,2
议论,5,2
意外,5,2
意义,5,2
因而,5,2
因素,5,2
银,5,1
印刷,5,2
英俊,5,2
英雄,5,2
迎接,5,2
营养,5,2
营业,5,2
影子,5,2
应付,5,2
应用,5,2
硬,5,1
硬件,5,2
拥抱,5,2
拥挤,5,2
勇气,5,2
用功,5,2
用途,5,2
优惠,5,2
优美,5,2
优势,5,2
悠久,5,2
犹豫,5,2
油炸,5,2
游览,5,2
有利,5,2
幼儿园,5,3
娱乐,5,2
与其,5,2
语气,5,2
玉米,5,2
预报,5,2
预订,5,2
预防,5,2
元旦,5,2
员工,5,2
原料,5,2
原则,5,2
圆,5,1
愿望,5,2
乐器,5,2
晕,5,1
运气,5,2
运输,5,2
运用,5,2
灾害,5,2
再三,5,2
在乎,5,2
在于,5,2
赞成,5,2
赞美,5,2
糟糕,5,2
造成,5,2
则,5,1
责备,5,2
摘,5,1
窄,5,1
粘贴,5,2
展开,5,2
展览,5,2
占,5,1
战争,5,2
长辈,5,2
涨,5,1
掌握,5,2
账户,5,2
招待,5,2
着火,5,2
着凉,5,2
召开,5,2
照常,5,2
哲学,5,2
针对,5,2
珍惜,5,2
真实,5,2
诊断,5,2
阵,5,1
振动,5,2
争论,5,2
争取,5,2
征求,5,2
睁,5,1
整个,5,2
整齐,5,2
整体,5,2
正,5,1
证件,5,2
证据,5,2
政府,5,2
政治,5,2
挣,5,1
支,5,1
支票,5,2
执照,5,2
直,5,1
指导,5,2
指挥,5,2
至今,5,2
至于,5,2
志愿者,5,3
制定,5,2
制度,5,2
制造,5,2
制作,5,2
治疗,5,2
秩序,5,2
智慧,5,2
中介,5,2
中心,5,2
中旬,5,2
种类,5,2
重大,5,2
重量,5,2
周到,5,2
猪,5,1
竹子,5,2
逐步,5,2
逐渐,5,2
主持,5,2
主动,5,2
主观,5,2
主人,5,2
主任,5,2
主题,5,2
主席,5,2
主张,5,2
煮,5,1
注册,5,2
祝福,5,2
抓,5,1
抓紧,5,2
专家,5,2
专心,5,2
转变,5,2
转告,5,2
装,5,1
装饰,5,2
装修,5,2
状况,5,2
状态,5,2
撞,5,1
追,5,1
追求,5,2
咨询,5,2
姿势,5,2
资格,5,2
资金,5,2
资料,5,2
资源,5,2
紫,5,1
自从,5,2
自动,5,2
自豪,5,2
自觉,5,2
自私,5,2
自由,5,2
自愿,5,2
字母,5,2
字幕,5,2
综合,5,2
总裁,5,2
总共,5,2
总理,5,2
总算,5,2
总统,5,2
总之,5,2
阻止,5,2
组,5,1
组成,5,2
组合,5,2
组织,5,2
最初,5,2
醉,5,1
尊敬,5,2
遵守,5,2
作品,5,2
作为,5,2
作文,5,2
挨,6,1
癌症,6,2
爱不释手,6,4
爱戴,6,2
暧昧,6,2
安宁,6,2
安详,6,2
安置,6,2
按摩,6,2
案件,6,2
案例,6,2
暗示,6,2
昂贵,6,2
凹凸,6,2
熬,6,1
奥秘,6,2
巴不得,6,3
巴结,6,2
扒,6,1
疤,6,1
拔苗助长,6,4
把关,6,2
把手,6,2
罢工,6,2
霸道,6,2
掰,6,1
摆脱,6,2
败坏,6,2
拜访,6,2
拜年,6,2
拜托,6,2
颁布,6,2
颁发,6,2
斑,6,1
版本,6,2
半途而废,6,4
扮演,6,2
伴侣,6,2
伴随,6,2
绑架,6,2
榜样,6,2
磅,6,1
包庇,6,2
包袱,6,2
包围,6,2
包装,6,2
饱和,6,2
饱经沧桑,6,4
保管,6,2
保密,6,2
保姆,6,2
保守,6,2
保卫,6,2
保养,6,2
保障,6,2
保重,6,2
报仇,6,2
报酬,6,2
报答,6,2
报复,6,2
报警,6,2
报销,6,2
抱负,6,2
暴力,6,2
暴露,6,2
曝光,6,2
爆发,6,2
爆炸,6,2
卑鄙,6,2
悲哀,6,2
悲惨,6,2
北极,6,2
贝壳,6,2
备份,6,2
备忘录,6,3
背叛,6,2
背诵,6,2
被动,6,2
被告,6,2
奔波,6,2
奔驰,6,2
本能,6,2
本钱,6,2
本人,6,2
本身,6,2
本事,6,2
笨拙,6,2
崩溃,6,2
甭,6,1
迸发,6,2
蹦,6,1
逼迫,6,2
鼻涕,6,2
比方,6,2
比喻,6,2
比重,6,2
鄙视,6,2
闭塞,6,2
弊病,6,2
弊端,6,2
臂,6,1
边疆,6,2
边界,6,2
边境,6,2
边缘,6,2
编织,6,2
鞭策,6,2
贬低,6,2
贬义,6,2
扁,6,1
变故,6,2
变迁,6,2
变质,6,2
便利,6,2
便条,6,2
便于,6,2
遍布,6,2
辨认,6,2
辩护,6,2
辩解,6,2
辩证,6,2
辫子,6,2
标本,6,2
标记,6,2
标题,6,2
表决,6,2
表态,6,2
表彰,6,2
憋,6,1
别墅,6,2
别致,6,2
别扭,6,2
濒临,6,2
冰雹,6,2
丙,6,1
并非,6,2
并列,6,2
拨,6,1
波浪,6,2
波涛,6,2
剥削,6,2
播种,6,2
伯母,6,2
博大精深,6,4
博览会,6,3
搏斗,6,2
薄弱,6,2
补偿,6,2
补救,6,2
补贴,6,2
捕捉,6,2
哺乳,6,2
不得已,6,3
不妨,6,2
不敢当,6,3
不顾,6,2
不禁,6,2
不堪,6,2
不可思议,6,4
不愧,6,2
不料,6,2
不免,6,2
不时,6,2
不惜,6,2
不相上下,6,4
不像话,6,3
不屑一顾,6,4
不言而喻,6,4
不由得,6,3
不择手段,6,4
不止,6,2
布告,6,2
布局,6,2
布置,6,2
步伐,6,2
部署,6,2
部位,6,2
才干,6,2
财富,6,2
财务,6,2
财政,6,2
裁缝,6,2
裁判,6,2
裁员,6,2
采购,6,2
采集,6,2
采纳,6,2
彩票,6,2
参谋,6,2
参照,6,2
残疾,6,2
残酷,6,2
残留,6,2
残忍,6,2
灿烂,6,2
仓促,6,2
仓库,6,2
苍白,6,2
舱,6,1
操劳,6,2
操练,6,2
操纵,6,2
操作,6,2
嘈杂,6,2
草案,6,2
草率,6,2
侧面,6,2
测量,6,2
策划,6,2
策略,6,2
层出不穷,6,4
层次,6,2
差别,6,2
插座,6,2
查获,6,2
岔,6,1
刹那,6,2
诧异,6,2
柴油,6,2
搀,6,1
馋,6,1
缠绕,6,2
产业,6,2
阐述,6,2
颤抖,6,2
昌盛,6,2
尝试,6,2
偿还,6,2
场合,6,2
场面,6,2
场所,6,2
敞开,6,2
畅通,6,2
畅销,6,2
倡导,6,2
倡议,6,2
钞票,6,2
超越,6,2
巢穴,6,2
朝代,6,2
嘲笑,6,2
潮流,6,2
撤退,6,2
撤销,6,2
沉淀,6,2
沉闷,6,2
沉思,6,2
沉重,6,2
沉着,6,2
陈旧,6,2
陈列,6,2
陈述,6,2
衬托,6,2
称心如意,6,4
称号,6,2
成本,6,2
成交,6,2
成天,6,2
成效,6,2
成心,6,2
成员,6,2
呈现,6,2
诚挚,6,2
承办,6,2
承包,6,2
承诺,6,2
城堡,6,2
乘,6,1
盛,6,1
惩罚,6,2
澄清,6,2
橙,6,1
秤,6,1
吃苦,6,2
吃力,6,2
迟钝,6,2
迟缓,6,2
迟疑,6,2
持久,6,2
赤道,6,2
赤字,6,2
冲动,6,2
冲击,6,2
冲突,6,2
充当,6,2
充沛,6,2
充实,6,2
充足,6,2
重叠,6,2
崇拜,6,2
崇高,6,2
崇敬,6,2
稠密,6,2
筹备,6,2
丑恶,6,2
出路,6,2
出卖,6,2
出身,6,2
出神,6,2
出息,6,2
初步,6,2
除,6,1
处分,6,2
处境,6,2
处置,6,2
储备,6,2
储存,6,2
储蓄,6,2
触犯,6,2
川流不息,6,4
穿越,6,2
传达,6,2
传单,6,2
传授,6,2
船舶,6,2
喘气,6,2
串,6,1
床单,6,2
创立,6,2
创新,6,2
创业,6,2
创作,6,2
吹牛,6,2
吹捧,6,2
炊烟,6,2
垂直,6,2
锤,6,1
纯粹,6,2
纯洁,6,2
慈善,6,2
慈祥,6,2
磁带,6,2
雌雄,6,2
次品,6,2
次序,6,2
伺候,6,2
刺,6,1
从容,6,2
丛,6,1
凑合,6,2
粗鲁,6,2
窜,6,1
摧残,6,2
脆弱,6,2
搓,6,1
磋商,6,2
挫折,6,2
搭,6,1
搭档,6,2
搭配,6,2
达成,6,2
答辩,6,2
答复,6,2
打包,6,2
打官司,6,3
打击,6,2
打架,6,2
打量,6,2
打猎,6,2
打仗,6,2
大不了,6,3
大臣,6,2
大伙儿,6,3
大肆,6,2
大体,6,2
大意,6,2
大致,6,2
歹徒,6,2
代价,6,2
代理,6,2
带领,6,2
怠慢,6,2
逮捕,6,2
担保,6,2
胆怯,6,2
诞辰,6,2
诞生,6,2
淡季,6,2
淡水,6,2
蛋白质,6,3
当场,6,2
当初,6,2
当代,6,2
当面,6,2
当前,6,2
当事人,6,3
当务之急,6,4
当选,6,2
党,6,1
档案,6,2
档次,6,2
导弹,6,2
导航,6,2
导向,6,2
捣乱,6,2
倒闭,6,2
盗窃,6,2
稻谷,6,2
得不偿失,6,4
得力,6,2
得天独厚,6,4
得罪,6,2
灯笼,6,2
登陆,6,2
登录,6,2
蹬,6,1
等候,6,2
等级,6,2
瞪,6,1
堤坝,6,2
敌视,6,2
抵达,6,2
抵抗,6,2
抵制,6,2
地步,6,2
地势,6,2
地质,6,2
递增,6,2
颠簸,6,2
颠倒,6,2
典礼,6,2
典型,6,2
点缀,6,2
电源,6,2
垫,6,1
惦记,6,2
奠定,6,2
叼,6,1
雕刻,6,2
雕塑,6,2
吊,6,1
调动,6,2
跌,6,1
丁,6,1
叮嘱,6,2
盯,6,1
定期,6,2
定义,6,2
丢人,6,2
丢三落四,6,4
东道主,6,3
东张西望,6,4
董事长,6,3
动荡,6,2
动机,6,2
动静,6,2
动力,6,2
动脉,6,2
动身,6,2
动手,6,2
动态,6,2
动员,6,2
冻结,6,2
栋,6,1
兜,6,1
陡峭,6,2
斗争,6,2
督促,6,2
毒品,6,2
独裁,6,2
堵塞,6,2
赌博,6,2
杜绝,6,2
端,6,1
端午节,6,3
端正,6,2
短促,6,2
断定,6,2
断绝,6,2
堆积,6,2
队伍,6,2
对策,6,2
对称,6,2
对付,6,2
对抗,6,2
对立,6,2
对联,6,2
对应,6,2
对照,6,2
兑现,6,2
顿时,6,2
多元化,6,3
哆嗦,6,2
堕落,6,2
额外,6,2
恶心,6,2
恶化,6,2
遏制,6,2
恩怨,6,2
而已,6,2
二氧化碳,6,4
发布,6,2
发财,6,2
发呆,6,2
发动,6,2
发觉,6,2
发射,6,2
发誓,6,2
发行,6,2
发炎,6,2
发扬,6,2
发育,6,2
法人,6,2
番,6,1
凡是,6,2
繁华,6,2
繁忙,6,2
繁体字,6,3
繁殖,6,2
反驳,6,2
反常,6,2
反感,6,2
反抗,6,2
反馈,6,2
反面,6,2
反射,6,2
反思,6,2
反问,6,2
反之,6,2
泛滥,6,2
范畴,6,2
贩卖,6,2
方位,6,2
方言,6,2
方圆,6,2
方针,6,2
防守,6,2
防御,6,2
防止,6,2
防治,6,2
访问,6,2
纺织,6,2
放大,6,2
放射,6,2
飞禽走兽,6,4
飞翔,6,2
飞跃,6,2
非法,6,2
肥沃,6,2
诽谤,6,2
肺,6,1
废除,6,2
废寝忘食,6,4
废墟,6,2
沸腾,6,2
分辨,6,2
分寸,6,2
分红,6,2
分解,6,2
分裂,6,2
分泌,6,2
分明,6,2
分歧,6,2
分散,6,2
吩咐,6,2
坟墓,6,2
粉末,6,2
粉色,6,2
粉碎,6,2
分量,6,2
愤怒,6,2
丰满,6,2
丰盛,6,2
丰收,6,2
风暴,6,2
风度,6,2
风光,6,2
风气,6,2
风趣,6,2
风土人情,6,4
风味,6,2
封闭,6,2
封建,6,2
封锁,6,2
锋利,6,2
逢,6,1
奉献,6,2
否决,6,2
夫妇,6,2
夫人,6,2
敷衍,6,2
服从,6,2
服气,6,2
俘虏,6,2
符号,6,2
幅度,6,2
辐射,6,2
福利,6,2
福气,6,2
抚摸,6,2
抚养,6,2
俯视,6,2
辅助,6,2
腐败,6,2
腐烂,6,2
腐蚀,6,2
腐朽,6,2
负担,6,2
附和,6,2
附件,6,2
附属,6,2
复活,6,2
复兴,6,2
副,6,1
赋予,6,2
富裕,6,2
腹泻,6,2
覆盖,6,2
改良,6,2
钙,6,1
盖章,6,2
干旱,6,2
干扰,6,2
干涉,6,2
干预,6,2
尴尬,6,2
感慨,6,2
感染,6,2
干劲,6,2
纲领,6,2
岗位,6,2
港口,6,2
港湾,6,2
杠杆,6,2
高超,6,2
高潮,6,2
高峰,6,2
高明,6,2
高尚,6,2
高涨,6,2
稿件,6,2
告辞,6,2
告诫,6,2
疙瘩,6,2
鸽子,6,2
搁,6,1
割,6,1
歌颂,6,2
革命,6,2
格局,6,2
格式,6,2
隔阂,6,2
隔离,6,2
个体,6,2
各抒己见,6,4
根深蒂固,6,4
根源,6,2
跟前,6,2
跟随,6,2
跟踪,6,2
更新,6,2
更正,6,2
耕地,6,2
工艺品,6,3
公安局,6,3
公道,6,2
公告,6,2
公关,6,2
公民,6,2
公然,6,2
公认,6,2
公式,6,2
公务,6,2
公正,6,2
公证,6,2
功劳,6,2
功效,6,2
攻击,6,2
攻克,6,2
供不应求,6,4
供给,6,2
宫殿,6,2
恭敬,6,2
巩固,6,2
共和国,6,3
共计,6,2
共鸣,6,2
勾结,6,2
钩子,6,2
构思,6,2
孤独,6,2
孤立,6,2
姑且,6,2
辜负,6,2
古董,6,2
古怪,6,2
股东,6,2
股份,6,2
骨干,6,2
鼓动,6,2
固然,6,2
固体,6,2
固有,6,2
固执,6,2
故乡,6,2
故障,6,2
顾虑,6,2
顾问,6,2
雇佣,6,2
拐杖,6,2
关怀,6,2
关照,6,2
观光,6,2
官方,6,2
管辖,6,2
贯彻,6,2
惯例,6,2
灌溉,6,2
罐,6,1
光彩,6,2
光辉,6,2
光芒,6,2
光荣,6,2
广阔,6,2
归根到底,6,4
归还,6,2
规范,6,2
规格,6,2
规划,6,2
规章,6,2
轨道,6,2
贵族,6,2
跪,6,1
棍棒,6,2
国防,6,2
国务院,6,3
果断,6,2
过度,6,2
过渡,6,2
过奖,6,2
过滤,6,2
过失,6,2
过问,6,2
过瘾,6,2
过于,6,2
嗨,6,1
海拔,6,2
海滨,6,2
含糊,6,2
含义,6,2
寒暄,6,2
罕见,6,2
捍卫,6,2
行列,6,2
航空,6,2
航天,6,2
航行,6,2
毫米,6,2
毫无,6,2
豪迈,6,2
号召,6,2
耗费,6,2
呵,6,1
合并,6,2
合成,6,2
合伙,6,2
合算,6,2
和蔼,6,2
和解,6,2
和睦,6,2
和气,6,2
和谐,6,2
嘿,6,1
痕迹,6,2
狠心,6,2
恨不得,6,3
横,6,1
哼,6,1
轰动,6,2
烘,6,1
宏观,6,2
宏伟,6,2
洪水,6,2
哄,6,1
喉咙,6,2
吼,6,1
后代,6,2
后顾之忧,6,4
后勤,6,2
候选,6,2
呼唤,6,2
呼啸,6,2
呼吁,6,2
忽略,6,2
胡乱,6,2
胡须,6,2
湖泊,6,2
花瓣,6,2
花蕾,6,2
华丽,6,2
华侨,6,2
化肥,6,2
化石,6,2
化验,6,2
化妆,6,2
划分,6,2
画蛇添足,6,4
话筒,6,2
欢乐,6,2
还原,6,2
环节,6,2
缓和,6,2
患者,6,2
荒凉,6,2
荒谬,6,2
荒唐,6,2
皇帝,6,2
皇后,6,2
黄昏,6,2
恍然大悟,6,4
晃,6,1
挥霍,6,2
辉煌,6,2
回报,6,2
回避,6,2
回顾,6,2
回收,6,2
悔恨,6,2
毁灭,6,2
汇报,6,2
会晤,6,2
贿赂,6,2
昏迷,6,2
荤,6,1
浑身,6,2
混合,6,2
混乱,6,2
混淆,6,2
混浊,6,2
活该,6,2
活力,6,2
火箭,6,2
火焰,6,2
火药,6,2
货币,6,2
讥笑,6,2
饥饿,6,2
机动,6,2
机构,6,2
机灵,6,2
机密,6,2
机械,6,2
机遇,6,2
机智,6,2
基地,6,2
基金,6,2
基因,6,2
激发,6,2
激励,6,2
激情,6,2
及早,6,2
吉祥,6,2
级别,6,2
极端,6,2
极限,6,2
即便,6,2
即将,6,2
急功近利,6,4
急剧,6,2
急切,6,2
急于求成,6,4
急躁,6,2
疾病,6,2
集团,6,2
嫉妒,6,2
籍贯,6,2
给予,6,2
计较,6,2
记性,6,2
记载,6,2
纪要,6,2
技巧,6,2
忌讳,6,2
季度,6,2
季军,6,2
迹象,6,2
继承,6,2
寄托,6,2
寂静,6,2
加工,6,2
加剧,6,2
夹杂,6,2
佳肴,6,2
家常,6,2
家伙,6,2
家属,6,2
家喻户晓,6,4
尖端,6,2
尖锐,6,2
坚定,6,2
坚固,6,2
坚韧,6,2
坚实,6,2
坚硬,6,2
艰难,6,2
监督,6,2
监视,6,2
监狱,6,2
煎,6,1
拣,6,1
检讨,6,2
检验,6,2
剪彩,6,2
简化,6,2
简陋,6,2
简体字,6,3
简要,6,2
见多识广,6,4
见解,6,2
见闻,6,2
见义勇为,6,4
间谍,6,2
间隔,6,2
间接,6,2
剑,6,1
健全,6,2
舰艇,6,2
践踏,6,2
溅,6,1
鉴别,6,2
鉴定,6,2
鉴于,6,2
将近,6,2
将就,6,2
将军,6,2
僵硬,6,2
奖励,6,2
奖赏,6,2
桨,6,1
降临,6,2
交叉,6,2
交代,6,2
交涉,6,2
交易,6,2
娇气,6,2
焦点,6,2
焦急,6,2
角落,6,2
侥幸,6,2
搅拌,6,2
缴纳,6,2
较量,6,2
教养,6,2
阶层,6,2
皆,6,1
接连,6,2
揭露,6,2
节制,6,2
节奏,6,2
杰出,6,2
结晶,6,2
结局,6,2
结算,6,2
截止,6,2
截至,6,2
竭尽全力,6,4
解除,6,2
解放,6,2
解雇,6,2
解剖,6,2
解散,6,2
解体,6,2
戒备,6,2
界限,6,2
借鉴,6,2
借助,6,2
金融,6,2
津津有味,6,4
紧迫,6,2
锦上添花,6,4
进而,6,2
进攻,6,2
进化,6,2
进展,6,2
近来,6,2
晋升,6,2
浸泡,6,2
茎,6,1
经费,6,2
经纬,6,2
惊动,6,2
惊奇,6,2
惊讶,6,2
兢兢业业,6,4
精打细算,6,4
精华,6,2
精简,6,2
精密,6,2
精确,6,2
精通,6,2
精心,6,2
精益求精,6,4
精致,6,2
井,6,1
颈椎,6,2
警告,6,2
警惕,6,2
竞赛,6,2
竞选,6,2
敬礼,6,2
敬业,6,2
境界,6,2
镜头,6,2
纠纷,6,2
纠正,6,2
酒精,6,2
救济,6,2
就近,6,2
就业,6,2
就职,6,2
拘留,6,2
拘束,6,2
居民,6,2
居住,6,2
鞠躬,6,2
局部,6,2
局面,6,2
局势,6,2
局限,6,2
咀嚼,6,2
沮丧,6,2
举动,6,2
举世瞩目,6,4
举足轻重,6,4
剧本,6,2
剧烈,6,2
据悉,6,2
聚精会神,6,4
卷,6,1
决策,6,2
觉悟,6,2
觉醒,6,2
绝望,6,2
倔强,6,2
军队,6,2
君子,6,2
卡通,6,2
开采,6,2
开除,6,2
开阔,6,2
开朗,6,2
开明,6,2
开辟,6,2
开拓,6,2
开展,6,2
开支,6,2
刊登,6,2
刊物,6,2
勘探,6,2
侃侃而谈,6,4
砍伐,6,2
看待,6,2
慷慨,6,2
扛,6,1
抗议,6,2
考察,6,2
考古,6,2
考核,6,2
考验,6,2
靠拢,6,2
科目,6,2
磕,6,1
可观,6,2
可口,6,2
可恶,6,2
可行,6,2
渴望,6,2
克制,6,2
刻不容缓,6,4
客户,6,2
课题,6,2
恳切,6,2
啃,6,1
坑,6,1
空洞,6,2
空前绝后,6,4
空想,6,2
空虚,6,2
孔,6,1
恐怖,6,2
恐吓,6,2
恐惧,6,2
空白,6,2
空隙,6,2
口气,6,2
口腔,6,2
口头,6,2
口音,6,2
扣,6,1
枯萎,6,2
枯燥,6,2
哭泣,6,2
苦尽甘来,6,4
苦涩,6,2
挎,6,1
跨,6,1
快活,6,2
宽敞,6,2
宽容,6,2
款待,6,2
款式,6,2
筐,6,1
旷课,6,2
况且,6,2
矿产,6,2
框架,6,2
亏待,6,2
亏损,6,2
捆绑,6,2
扩充,6,2
扩散,6,2
扩张,6,2
喇叭,6,2
蜡烛,6,2
啦,6,1
来历,6,2
来源,6,2
栏目,6,2
懒惰,6,2
狼狈,6,2
狼吞虎咽,6,4
捞,6,1
牢固,6,2
牢骚,6,2
唠叨,6,2
乐趣,6,2
乐意,6,2
雷达,6,2
类似,6,2
冷酷,6,2
冷落,6,2
冷却,6,2
愣,6,1
黎明,6,2
礼节,6,2
礼尚往来,6,4
里程碑,6,3
理睬,6,2
理所当然,6,4
理直气壮,6,4
理智,6,2
力求,6,2
力所能及,6,4
力争,6,2
历代,6,2
历来,6,2
立场,6,2
立方,6,2
立交桥,6,3
立体,6,2
立足,6,2
利害,6,2
例外,6,2
粒,6,1
连年,6,2
连锁,6,2
连同,6,2
联欢,6,2
联络,6,2
联盟,6,2
联想,6,2
廉洁,6,2
良心,6,2
谅解,6,2
晾,6,1
辽阔,6,2
列举,6,2
临床,6,2
淋,6,1
吝啬,6,2
伶俐,6,2
灵感,6,2
灵魂,6,2
灵敏,6,2
凌晨,6,2
零星,6,2
领会,6,2
领事馆,6,3
领土,6,2
领悟,6,2
领先,6,2
领袖,6,2
溜,6,1
留恋,6,2
留念,6,2
留神,6,2
流浪,6,2
流露,6,2
流氓,6,2
流通,6,2
聋哑,6,2
隆重,6,2
垄断,6,2
笼罩,6,2
搂,6,1
炉灶,6,2
屡次,6,2
履行,6,2
掠夺,6,2
轮船,6,2
轮廓,6,2
轮胎,6,2
论坛,6,2
论证,6,2
啰唆,6,2
络绎不绝,6,4
落成,6,2
落实,6,2
麻痹,6,2
麻木,6,2
麻醉,6,2
码头,6,2
蚂蚁,6,2
嘛,6,1
埋伏,6,2
埋没,6,2
埋葬,6,2
迈,6,1
脉搏,6,2
埋怨,6,2
蔓延,6,2
漫长,6,2
漫画,6,2
慢性,6,2
忙碌,6,2
盲目,6,2
茫茫,6,2
茫然,6,2
茂盛,6,2
冒充,6,2
冒犯,6,2
枚,6,1
媒介,6,2
美观,6,2
美满,6,2
美妙,6,2
萌芽,6,2
猛烈,6,2
眯,6,1
弥补,6,2
弥漫,6,2
迷惑,6,2
迷人,6,2
迷信,6,2
谜语,6,2
密度,6,2
密封,6,2
棉花,6,2
免得,6,2
免疫,6,2
勉励,6,2
勉强,6,2
面貌,6,2
面子,6,2
描绘,6,2
瞄准,6,2
渺小,6,2
藐视,6,2
灭亡,6,2
蔑视,6,2
民间,6,2
民主,6,2
敏捷,6,2
敏锐,6,2
名次,6,2
名额,6,2
名副其实,6,4
名誉,6,2
明明,6,2
明智,6,2
命名,6,2
摸索,6,2
模范,6,2
模式,6,2
模型,6,2
膜,6,1
摩擦,6,2
磨合,6,2
魔鬼,6,2
魔术,6,2
抹杀,6,2
莫名其妙,6,4
墨水儿,6,3
默默,6,2
谋求,6,2
模样,6,2
母语,6,2
目睹,6,2
目光,6,2
沐浴,6,2
拿手,6,2
纳闷儿,6,3
耐用,6,2
南辕北辙,6,4
难得,6,2
难堪,6,2
难能可贵,6,4
恼火,6,2
内涵,6,2
内幕,6,2
内在,6,2
能量,6,2
拟定,6,2
逆行,6,2
年度,6,2
捏,6,1
凝固,6,2
凝聚,6,2
凝视,6,2
拧,6,1
宁肯,6,2
宁愿,6,2
扭转,6,2
纽扣儿,6,3
农历,6,2
浓厚,6,2
奴隶,6,2
虐待,6,2
挪,6,1
哦,6,1
殴打,6,2
呕吐,6,2
偶像,6,2
趴,6,1
排斥,6,2
排除,6,2
排放,6,2
排练,6,2
徘徊,6,2
派别,6,2
派遣,6,2
攀登,6,2
盘旋,6,2
判决,6,2
畔,6,1
庞大,6,2
抛弃,6,2
泡沫,6,2
培育,6,2
配备,6,2
配偶,6,2
配套,6,2
盆地,6,2
烹饪,6,2
捧,6,1
批发,6,2
批判,6,2
劈,6,1
皮革,6,2
疲惫,6,2
疲倦,6,2
屁股,6,2
譬如,6,2
偏差,6,2
偏见,6,2
偏僻,6,2
偏偏,6,2
片断,6,2
片刻,6,2
漂浮,6,2
飘扬,6,2
撇,6,1
拼搏,6,2
拼命,6,2
贫乏,6,2
贫困,6,2
频繁,6,2
频率,6,2
品尝,6,2
品德,6,2
品质,6,2
品种,6,2
平凡,6,2
平面,6,2
平坦,6,2
平行,6,2
平庸,6,2
平原,6,2
评估,6,2
评论,6,2
屏幕,6,2
屏障,6,2
坡,6,1
泼,6,1
颇,6,1
迫不及待,6,4
迫害,6,2
破例,6,2
魄力,6,2
扑,6,1
铺,6,1
朴实,6,2
朴素,6,2
普及,6,2
瀑布,6,2
凄凉,6,2
期望,6,2
期限,6,2
欺负,6,2
欺骗,6,2
齐全,6,2
齐心协力,6,4
奇妙,6,2
歧视,6,2
旗袍,6,2
旗帜,6,2
乞丐,6,2
岂有此理,6,4
企图,6,2
启程,6,2
启蒙,6,2
启示,6,2
启事,6,2
起草,6,2
起初,6,2
起伏,6,2
起哄,6,2
起码,6,2
起源,6,2
气概,6,2
气功,6,2
气魄,6,2
气色,6,2
气势,6,2
气味,6,2
气象,6,2
气压,6,2
气质,6,2
迄今为止,6,4
器材,6,2
器官,6,2
掐,6,1
洽谈,6,2
恰当,6,2
恰到好处,6,4
恰巧,6,2
千方百计,6,4
迁就,6,2
迁徙,6,2
牵,6,1
牵扯,6,2
牵制,6,2
谦逊,6,2
签署,6,2
前景,6,2
前提,6,2
潜力,6,2
潜水,6,2
潜移默化,6,4
谴责,6,2
强制,6,2
抢劫,6,2
抢救,6,2
强迫,6,2
桥梁,6,2
窍门,6,2
翘,6,1
切实,6,2
锲而不舍,6,4
钦佩,6,2
侵犯,6,2
侵略,6,2
亲密,6,2
亲热,6,2
勤俭,6,2
勤劳,6,2
倾听,6,2
倾向,6,2
倾斜,6,2
清澈,6,2
清晨,6,2
清除,6,2
清洁,6,2
清理,6,2
清晰,6,2
清醒,6,2
清真,6,2
情报,6,2
情节,6,2
情理,6,2
情形,6,2
晴朗,6,2
请柬,6,2
请教,6,2
请示,6,2
请帖,6,2
丘陵,6,2
区分,6,2
区域,6,2
曲折,6,2
驱逐,6,2
屈服,6,2
渠道,6,2
曲子,6,2
取缔,6,2
趣味,6,2
圈套,6,2
权衡,6,2
权威,6,2
全局,6,2
全力以赴,6,4
拳头,6,2
犬,6,1
缺口,6,2
缺席,6,2
缺陷,6,2
瘸,6,1
确保,6,2
确立,6,2
确切,6,2
确信,6,2
群众,6,2
染,6,1
嚷,6,1
让步,6,2
饶恕,6,2
扰乱,6,2
惹祸,6,2
热泪盈眶,6,4
热门,6,2
人道,6,2
人格,6,2
人工,6,2
人家,6,2
人间,6,2
人士,6,2
人为,6,2
人性,6,2
人质,6,2
仁慈,6,2
忍耐,6,2
忍受,6,2
认定,6,2
认可,6,2
任命,6,2
任性,6,2
任意,6,2
任重道远,6,4
仍旧,6,2
日新月异,6,4
日益,6,2
荣幸,6,2
荣誉,6,2
容貌,6,2
容纳,6,2
容器,6,2
容忍,6,2
溶解,6,2
融化,6,2
融洽,6,2
柔和,6,2
揉,6,1
儒家,6,2
若干,6,2
弱点,6,2
撒谎,6,2
散文,6,2
散布,6,2
散发,6,2
丧失,6,2
骚扰,6,2
嫂子,6,2
刹车,6,2
啥,6,1
筛选,6,2
山脉,6,2
闪烁,6,2
擅长,6,2
擅自,6,2
伤脑筋,6,3
商标,6,2
上级,6,2
上进,6,2
上任,6,2
上瘾,6,2
上游,6,2
尚且,6,2
捎,6,1
梢,6,1
哨,6,1
奢侈,6,2
舌头,6,2
设立,6,2
设想,6,2
设置,6,2
社区,6,2
涉及,6,2
摄氏度,6,3
申报,6,2
呻吟,6,2
绅士,6,2
深奥,6,2
深沉,6,2
深情厚谊,6,4
神经,6,2
神奇,6,2
神气,6,2
神圣,6,2
神态,6,2
神仙,6,2
审查,6,2
审理,6,2
审美,6,2
审判,6,2
渗透,6,2
慎重,6,2
生存,6,2
生机,6,2
生理,6,2
生疏,6,2
生态,6,2
生物,6,2
生肖,6,2
生效,6,2
生锈,6,2
生育,6,2
声明,6,2
声势,6,2
声誉,6,2
牲畜,6,2
省会,6,2
胜负,6,2
盛产,6,2
盛开,6,2
盛情,6,2
盛行,6,2
尸体,6,2
失事,6,2
失误,6,2
失踪,6,2
师范,6,2
施加,6,2
施展,6,2
十足,6,2
石油,6,2
时常,6,2
时而,6,2
时光,6,2
时机,6,2
时事,6,2
识别,6,2
实惠,6,2
实力,6,2
实施,6,2
实事求是,6,4
实行,6,2
实质,6,2
拾,6,1
使命,6,2
示范,6,2
示威,6,2
示意,6,2
世代,6,2
势必,6,2
势力,6,2
事故,6,2
事迹,6,2
事件,6,2
事态,6,2
事务,6,2
事项,6,2
事业,6,2
试图,6,2
试验,6,2
视力,6,2
视频,6,2
视线,6,2
视野,6,2
是非,6,2
适宜,6,2
逝世,6,2
释放,6,2
收藏,6,2
收缩,6,2
收益,6,2
收音机,6,3
手法,6,2
手势,6,2
手艺,6,2
守护,6,2
首饰,6,2
首要,6,2
受罪,6,2
授予,6,2
书法,6,2
书籍,6,2
书记,6,2
书面,6,2
舒畅,6,2
疏忽,6,2
疏远,6,2
束,6,1
束缚,6,2
树立,6,2
竖,6,1
数额,6,2
耍,6,1
衰老,6,2
衰退,6,2
率领,6,2
涮火锅,6,3
双胞胎,6,3
爽快,6,2
水利,6,2
水龙头,6,3
水泥,6,2
瞬间,6,2
司法,6,2
司令,6,2
私自,6,2
思念,6,2
思索,6,2
思维,6,2
斯文,6,2
死亡,6,2
四肢,6,2
寺庙,6,2
饲养,6,2
肆无忌惮,6,4
耸,6,1
艘,6,1
苏醒,6,2
俗话,6,2
诉讼,6,2
素食,6,2
素质,6,2
塑造,6,2
算数,6,2
随即,6,2
随意,6,2
岁月,6,2
隧道,6,2
损坏,6,2
索取,6,2
索性,6,2
塌,6,1
踏实,6,2
塔,6,1
台风,6,2
太空,6,2
泰斗,6,2
贪婪,6,2
贪污,6,2
摊,6,1
瘫痪,6,2
弹性,6,2
坦白,6,2
叹气,6,2
探测,6,2
探索,6,2
探讨,6,2
探望,6,2
倘若,6,2
掏,6,1
滔滔不绝,6,4
陶瓷,6,2
陶醉,6,2
淘汰,6,2
讨好,6,2
特长,6,2
特定,6,2
特意,6,2
提拔,6,2
提炼,6,2
提示,6,2
提议,6,2
题材,6,2
体裁,6,2
体积,6,2
体谅,6,2
体面,6,2
体系,6,2
天才,6,2
天赋,6,2
天伦之乐,6,4
天然气,6,3
天生,6,2
天堂,6,2
天文,6,2
田径,6,2
田野,6,2
舔,6,1
挑剔,6,2
条款,6,2
条理,6,2
条约,6,2
调和,6,2
调剂,6,2
调节,6,2
调解,6,2
调料,6,2
挑拨,6,2
挑衅,6,2
跳跃,6,2
亭子,6,2
停泊,6,2
停顿,6,2
停滞,6,2
挺拔,6,2
通货膨胀,6,4
通缉,6,2
通俗,6,2
通讯,6,2
通用,6,2
同胞,6,2
同志,6,2
铜,6,1
童话,6,2
统筹兼顾,6,4
统计,6,2
统统,6,2
统治,6,2
投机,6,2
投票,6,2
投诉,6,2
投降,6,2
投掷,6,2
透露,6,2
秃,6,1
突破,6,2
图案,6,2
徒弟,6,2
途径,6,2
涂抹,6,2
土壤,6,2
团结,6,2
团体,6,2
团圆,6,2
推测,6,2
推翻,6,2
推理,6,2
推论,6,2
推销,6,2
吞吞吐吐,6,4
托运,6,2
拖延,6,2
脱离,6,2
妥当,6,2
妥善,6,2
妥协,6,2
椭圆,6,2
唾弃,6,2
挖掘,6,2
哇,6,1
娃娃,6,2
瓦解,6,2
歪曲,6,2
外表,6,2
外行,6,2
外界,6,2
外向,6,2
丸,6,1
完备,6,2
完毕,6,2
玩弄,6,2
玩意儿,6,3
顽固,6,2
顽强,6,2
挽回,6,2
挽救,6,2
惋惜,6,2
万分,6,2
往常,6,2
往事,6,2
妄想,6,2
危机,6,2
威风,6,2
威力,6,2
威望,6,2
威信,6,2
微不足道,6,4
微观,6,2
为难,6,2
为期,6,2
违背,6,2
唯独,6,2
维持,6,2
维护,6,2
维生素,6,3
伪造,6,2
委托,6,2
委员,6,2
卫星,6,2
未免,6,2
畏惧,6,2
喂,6,1
蔚蓝,6,2
慰问,6,2
温带,6,2
温和,6,2
文凭,6,2
文物,6,2
文献,6,2
文雅,6,2
文艺,6,2
问世,6,2
窝,6,1
乌黑,6,2
污蔑,6,2
诬陷,6,2
无比,6,2
无偿,6,2
无耻,6,2
无动于衷,6,4
无非,6,2
无辜,6,2
无精打采,6,4
无赖,6,2
无理取闹,6,4
无能为力,6,4
无穷无尽,6,4
无微不至,6,4
无忧无虑,6,4
无知,6,2
武器,6,2
武侠,6,2
武装,6,2
侮辱,6,2
舞蹈,6,2
务必,6,2
物美价廉,6,4
物业,6,2
物资,6,2
误差,6,2
误解,6,2
夕阳,6,2
昔日,6,2
牺牲,6,2
溪,6,1
熄灭,6,2
膝盖,6,2
习俗,6,2
袭击,6,2
媳妇,6,2
喜闻乐见,6,4
喜悦,6,2
系列,6,2
细胞,6,2
细菌,6,2
细致,6,2
峡谷,6,2
狭隘,6,2
狭窄,6,2
霞,6,1
下属,6,2
先进,6,2
先前,6,2
纤维,6,2
掀起,6,2
鲜明,6,2
闲话,6,2
贤惠,6,2
弦,6,1
衔接,6,2
嫌,6,1
嫌疑,6,2
显著,6,2
现场,6,2
现成,6,2
现状,6,2
线索,6,2
宪法,6,2
陷害,6,2
陷阱,6,2
陷入,6,2
馅儿,6,2
乡镇,6,2
相差,6,2
相等,6,2
相辅相成,6,4
相应,6,2
镶嵌,6,2
响亮,6,2
响应,6,2
想方设法,6,4
向导,6,2
向来,6,2
向往,6,2
巷,6,1
相声,6,2
削,6,1
消除,6,2
消毒,6,2
消防,6,2
消耗,6,2
消灭,6,2
销毁,6,2
潇洒,6,2
小心翼翼,6,4
肖像,6,2
效益,6,2
协会,6,2
协商,6,2
协调,6,2
协议,6,2
协助,6,2
携带,6,2
泄露,6,2
泄气,6,2
屑,6,1
谢绝,6,2
心得,6,2
心甘情愿,6,4
心灵,6,2
心态,6,2
心疼,6,2
心血,6,2
心眼儿,6,3
辛勤,6,2
欣慰,6,2
欣欣向荣,6,4
新陈代谢,6,4
新郎,6,2
新娘,6,2
新颖,6,2
薪水,6,2
信赖,6,2
信念,6,2
信仰,6,2
信誉,6,2
兴隆,6,2
兴旺,6,2
腥,6,1
刑事,6,2
行政,6,2
形态,6,2
兴高采烈,6,4
兴致勃勃,6,4
性感,6,2
性命,6,2
性能,6,2
凶恶,6,2
凶手,6,2
汹涌,6,2
胸怀,6,2
胸膛,6,2
雄厚,6,2
雄伟,6,2
修复,6,2
修建,6,2
修养,6,2
羞耻,6,2
绣,6,1
嗅觉,6,2
须知,6,2
虚假,6,2
虚荣,6,2
虚伪,6,2
需求,6,2
许可,6,2
序言,6,2
畜牧,6,2
酗酒,6,2
宣誓,6,2
宣扬,6,2
喧哗,6,2
悬挂,6,2
悬念,6,2
悬殊,6,2
悬崖峭壁,6,4
旋律,6,2
旋转,6,2
选拔,6,2
选举,6,2
选手,6,2
炫耀,6,2
削弱,6,2
学说,6,2
学位,6,2
雪上加霜,6,4
血压,6,2
熏陶,6,2
寻觅,6,2
巡逻,6,2
循环,6,2
循序渐进,6,4
压迫,6,2
压岁钱,6,3
压缩,6,2
压抑,6,2
压榨,6,2
压制,6,2
鸦雀无声,6,4
亚军,6,2
烟花爆竹,6,4
淹没,6,2
延期,6,2
延伸,6,2
延续,6,2
严寒,6,2
严禁,6,2
严峻,6,2
严厉,6,2
严密,6,2
言论,6,2
岩石,6,2
炎热,6,2
沿海,6,2
掩盖,6,2
掩护,6,2
掩饰,6,2
眼光,6,2
眼色,6,2
眼神,6,2
演变,6,2
演习,6,2
演绎,6,2
演奏,6,2
厌恶,6,2
验收,6,2
验证,6,2
氧气,6,2
样品,6,2
谣言,6,2
摇摆,6,2
摇滚,6,2
遥控,6,2
遥远,6,2
要点,6,2
要命,6,2
要素,6,2
耀眼,6,2
野蛮,6,2
野心,6,2
液体,6,2
一度,6,2
一帆风顺,6,4
一贯,6,2
一举两得,6,4
一流,6,2
一目了然,6,4
一如既往,6,4
一丝不苟,6,4
一向,6,2
衣裳,6,2
依旧,6,2
依据,6,2
依靠,6,2
依赖,6,2
依托,6,2
仪器,6,2
仪式,6,2
遗产,6,2
遗传,6,2
遗留,6,2
遗失,6,2
疑惑,6,2
以便,6,2
以免,6,2
以往,6,2
以至,6,2
以致,6,2
亦,6,1
异常,6,2
意料,6,2
意识,6,2
意图,6,2
意味着,6,3
意向,6,2
意志,6,2
毅力,6,2
毅然,6,2
翼,6,1
阴谋,6,2
音响,6,2
引导,6,2
引擎,6,2
引用,6,2
饮食,6,2
隐蔽,6,2
隐患,6,2
隐瞒,6,2
隐私,6,2
隐约,6,2
英明,6,2
英勇,6,2
婴儿,6,2
迎面,6,2
盈利,6,2
应酬,6,2
应邀,6,2
拥护,6,2
拥有,6,2
庸俗,6,2
永恒,6,2
勇于,6,2
涌现,6,2
踊跃,6,2
用户,6,2
优胜劣汰,6,4
优先,6,2
优异,6,2
优越,6,2
忧郁,6,2
犹如,6,2
油腻,6,2
油漆,6,2
有条不紊,6,4
幼稚,6,2
诱惑,6,2
渔民,6,2
愚蠢,6,2
愚昧,6,2
舆论,6,2
与日俱增,6,4
宇宙,6,2
羽绒服,6,3
玉,6,1
预料,6,2
预期,6,2
预算,6,2
预先,6,2
预言,6,2
预兆,6,2
欲望,6,2
寓言,6,2
愈,6,1
冤枉,6,2
元首,6,2
元素,6,2
元宵节,6,3
园林,6,2
原告,6,2
原理,6,2
原始,6,2
原先,6,2
圆满,6,2
缘故,6,2
源泉,6,2
约束,6,2
乐谱,6,2
岳母,6,2
孕育,6,2
运算,6,2
运行,6,2
酝酿,6,2
蕴藏,6,2
熨,6,1
杂技,6,2
杂交,6,2
砸,6,1
咋,6,1
灾难,6,2
栽培,6,2
宰,6,1
再接再厉,6,4
在意,6,2
攒,6,1
暂且,6,2
赞叹,6,2
赞助,6,2
遭受,6,2
遭殃,6,2
遭遇,6,2
糟蹋,6,2
造型,6,2
噪音,6,2
责怪,6,2
贼,6,1
增添,6,2
赠送,6,2
扎,6,1
扎实,6,2
渣,6,1
眨,6,1
诈骗,6,2
摘要,6,2
债券,6,2
沾光,6,2
瞻仰,6,2
斩钉截铁,6,4
展示,6,2
展望,6,2
展现,6,2
崭新,6,2
占据,6,2
占领,6,2
战斗,6,2
战略,6,2
战术,6,2
战役,6,2
章程,6,2
帐篷,6,2
障碍,6,2
招标,6,2
招收,6,2
朝气蓬勃,6,4
着迷,6,2
沼泽,6,2
照样,6,2
照耀,6,2
折腾,6,2
遮挡,6,2
折,6,1
折磨,6,2
侦探,6,2
珍贵,6,2
珍稀,6,2
珍珠,6,2
真理,6,2
真相,6,2
真挚,6,2
斟酌,6,2
枕头,6,2
阵地,6,2
阵容,6,2
振奋,6,2
振兴,6,2
震撼,6,2
震惊,6,2
镇定,6,2
镇静,6,2
正月,6,2
争端,6,2
争夺,6,2
争气,6,2
争先恐后,6,4
争议,6,2
征服,6,2
征收,6,2
挣扎,6,2
蒸发,6,2
整顿,6,2
正当,6,2
正负,6,2
正规,6,2
正经,6,2
正气,6,2
正义,6,2
正宗,6,2
证实,6,2
证书,6,2
郑重,6,2
政策,6,2
政权,6,2
症状,6,2
之际,6,2
支撑,6,2
支出,6,2
支流,6,2
支配,6,2
支援,6,2
支柱,6,2
枝,6,1
知觉,6,2
知足常乐,6,4
脂肪,6,2
执行,6,2
执着,6,2
直播,6,2
直径,6,2
侄子,6,2
值班,6,2
职能,6,2
职位,6,2
职务,6,2
殖民地,6,3
指标,6,2
指定,6,2
指甲,6,2
指令,6,2
指南针,6,3
指示,6,2
指望,6,2
指责,6,2
志气,6,2
制裁,6,2
制服,6,2
制约,6,2
制止,6,2
治安,6,2
治理,6,2
致辞,6,2
致力,6,2
致使,6,2
智力,6,2
智能,6,2
智商,6,2
滞留,6,2
中断,6,2
中立,6,2
中央,6,2
忠诚,6,2
忠实,6,2
终点,6,2
终究,6,2
终身,6,2
终止,6,2
衷心,6,2
肿瘤,6,2
种子,6,2
种族,6,2
众所周知,6,4
种植,6,2
重心,6,2
舟,6,1
州,6,1
周边,6,2
周密,6,2
周年,6,2
周期,6,2
周折,6,2
周转,6,2
粥,6,1
昼夜,6,2
皱纹,6,2
株,6,1
诸位,6,2
逐年,6,2
主办,6,2
主导,6,2
主管,6,2
主流,6,2
主权,6,2
主义,6,2
拄,6,1
嘱咐,6,2
助理,6,2
助手,6,2
住宅,6,2
注射,6,2
注视,6,2
注释,6,2
注重,6,2
驻扎,6,2
著作,6,2
铸造,6,2
拽,6,1
专长,6,2
专程,6,2
专利,6,2
专题,6,2
砖,6,1
转达,6,2
转让,6,2
转移,6,2
转折,6,2
传记,6,2
庄稼,6,2
庄严,6,2
庄重,6,2
装备,6,2
装卸,6,2
壮观,6,2
壮丽,6,2
壮烈,6,2
幢,6,1
追悼,6,2
追究,6,2
坠,6,1
准则,6,2
卓越,6,2
着手,6,2
着想,6,2
着重,6,2
琢磨,6,2
姿态,6,2
资本,6,2
资产,6,2
资深,6,2
资助,6,2
滋润,6,2
滋味,6,2
子弹,6,2
自卑,6,2
自发,6,2
自力更生,6,4
自满,6,2
自主,6,2
宗教,6,2
宗旨,6,2
棕色,6,2
踪迹,6,2
总而言之,6,4
总和,6,2
纵横,6,2
走廊,6,2
走漏,6,2
走私,6,2
揍,6,1
租赁,6,2
足以,6,2
阻碍,6,2
阻拦,6,2
阻挠,6,2
祖父,6,2
祖国,6,2
祖先,6,2
钻研,6,2
钻石,6,2
嘴唇,6,2
罪犯,6,2
尊严,6,2
遵循,6,2
作弊,6,2
作废,6,2
作风,6,2
作息,6,2
座右铭,6,3
做主,6,2
